{
  "total_detections": 519,
  "valid_3d_poses": 488,
  "success_rate": 0.9402697495183044,
  "cube_size": 0.0175,
  "cube_mass": 0.042875,
  "camera_intrinsics": {
    "fx": 505.1038513183594,
    "fy": 505.6514587402344,
    "cx": 327.22174072265625,
    "cy": 258.5840759277344,
    "width": 640,
    "height": 480,
    "camera_matrix": [
      [
        505.1038513183594,
        0.0,
        327.22174072265625
      ],
      [
        0.0,
        505.6514587402344,
        258.5840759277344
      ],
      [
        0.0,
        0.0,
        1.0
      ]
    ],
    "dist_coeffs": [
      -0.04387836158275604,
      -0.6309993267059326,
      -0.0002512417559046298,
      0.0072676148265600204,
      0.8627049326896667
    ]
  }
}