{
    "camera_matrix": [
        [
            505.10384451684126,
            0.0,
            327.2217395770205
        ],
        [
            0.0,
            505.65144704807625,
            258.58406944877925
        ],
        [
            0.0,
            0.0,
            1.0
        ]
    ],
    "dist_coeff": [
        [
            -0.04387836297222912,
            -0.6309993012675073,
            -0.0002512417676572588,
            0.007267614606233584,
            0.8627049392179851
        ]
    ],
    "rms_error": 2.446144411051712
}